process_id,arrival_time,cpu_burst_time,io_burst_time,io_frequency,execution_cycles,priority,cpu_io_ratio,process_type
1,29.84,87.79,4.38,0.23,1168,1,20.0388,CPU-bound
2,1.03,91.97,9.81,0.21,1954,4,9.3742,CPU-bound
3,30.58,2.02,89.53,0.81,52,5,0.0226,IO-bound
4,18.32,76.71,3.81,0.09,1184,4,20.1286,CPU-bound
5,43.0,62.95,14.78,0.14,1520,2,4.2588,CPU-bound
6,15.23,23.82,87.94,0.9,84,8,0.2709,IO-bound
7,8.67,81.0,9.93,0.25,1086,1,8.1563,CPU-bound
8,9.24,9.17,61.2,0.77,389,8,0.1498,IO-bound
9,16.33,11.09,85.6,0.86,249,7,0.1296,IO-bound
10,41.44,9.48,53.32,0.64,174,6,0.1778,IO-bound
11,0.78,8.35,47.78,0.58,198,6,0.1748,IO-bound
12,36.45,2.13,78.93,0.85,319,5,0.027,IO-bound
13,22.47,79.06,13.89,0.26,643,2,5.6915,CPU-bound
14,44.36,9.48,73.78,0.82,215,5,0.1285,IO-bound
15,12.8,21.53,73.3,0.62,64,8,0.2937,IO-bound
16,31.82,2.58,36.47,0.52,160,7,0.0707,IO-bound
17,10.15,5.2,66.27,0.77,379,7,0.0785,IO-bound
18,31.67,49.67,14.09,0.24,1807,4,3.5249,CPU-bound
19,6.1,11.58,83.0,0.66,174,9,0.1395,IO-bound
20,43.04,53.68,7.55,0.25,510,3,7.109,CPU-bound
21,12.21,69.09,11.0,0.08,752,1,6.2803,CPU-bound
22,48.12,18.17,51.82,0.99,138,7,0.3506,IO-bound
23,48.83,48.89,14.97,0.08,1116,1,3.2656,CPU-bound
24,24.47,22.89,44.37,0.57,394,6,0.5159,IO-bound
25,40.16,3.86,52.18,0.62,214,9,0.074,IO-bound
26,16.04,14.32,35.42,0.92,115,5,0.4043,IO-bound
27,40.48,9.5,43.21,0.86,172,5,0.2199,IO-bound
28,6.88,81.46,7.03,0.28,1011,1,11.5858,CPU-bound
29,8.75,72.49,11.05,0.07,1973,3,6.5596,CPU-bound
30,45.02,54.51,3.21,0.27,1449,2,16.976,CPU-bound
31,20.23,82.02,13.01,0.26,1831,4,6.3039,CPU-bound
32,0.46,49.7,13.68,0.18,652,3,3.6328,CPU-bound
33,22.42,57.04,5.97,0.15,1991,1,9.5528,CPU-bound
34,32.48,7.46,49.52,0.87,347,8,0.1506,IO-bound
35,12.52,72.55,8.61,0.19,1384,4,8.4253,CPU-bound
36,25.13,93.52,10.2,0.24,1365,2,9.1677,CPU-bound
37,38.43,53.81,8.49,0.17,565,4,6.3373,CPU-bound
38,0.77,23.94,84.89,0.69,374,7,0.282,IO-bound
39,15.28,74.34,14.74,0.02,786,2,5.0431,CPU-bound
40,34.8,50.17,9.24,0.28,1355,1,5.4291,CPU-bound
41,14.76,17.44,51.52,0.63,162,9,0.3385,IO-bound
42,40.47,82.15,6.67,0.09,1715,4,12.3145,CPU-bound
43,9.71,44.9,2.07,0.19,606,2,21.6803,CPU-bound
44,4.7,22.47,50.28,0.69,252,5,0.4469,IO-bound
45,43.02,49.3,14.76,0.25,875,1,3.3399,CPU-bound
46,38.5,61.61,3.65,0.16,823,3,16.8748,CPU-bound
47,34.98,21.37,41.66,0.71,98,5,0.5129,IO-bound
48,13.54,13.87,49.38,0.9,203,5,0.2809,IO-bound
49,34.42,51.06,3.05,0.13,587,4,16.7355,CPU-bound
50,33.01,55.01,9.14,0.21,919,4,6.0179,CPU-bound
51,2.39,79.43,7.66,0.22,1349,1,10.3681,CPU-bound
52,2.04,2.33,36.96,0.52,349,8,0.063,IO-bound
53,17.32,2.39,75.8,0.9,212,8,0.0315,IO-bound
54,18.73,16.16,68.11,0.52,269,7,0.2373,IO-bound
55,47.19,72.36,10.89,0.18,1916,4,6.644,CPU-bound
56,32.16,23.63,64.53,0.69,210,7,0.3662,IO-bound
57,10.33,77.56,12.67,0.2,910,1,6.1211,CPU-bound
58,3.56,2.42,35.67,0.84,161,9,0.0678,IO-bound
59,34.64,9.83,45.64,0.75,171,9,0.2154,IO-bound
60,8.87,18.91,78.21,0.64,312,9,0.2418,IO-bound
61,29.03,83.9,3.66,0.08,1800,3,22.9172,CPU-bound
62,5.16,11.87,75.05,0.88,365,7,0.1582,IO-bound
63,2.67,10.96,47.86,0.55,385,9,0.229,IO-bound
64,28.67,59.16,14.35,0.29,1447,2,4.1224,CPU-bound
65,47.31,76.15,9.2,0.06,1671,1,8.2763,CPU-bound
66,22.08,69.67,2.75,0.16,1831,2,25.3253,CPU-bound
67,43.34,24.28,71.28,0.92,343,7,0.3406,IO-bound
68,4.07,3.67,79.31,0.85,79,9,0.0463,IO-bound
69,45.38,21.85,82.82,0.62,257,6,0.2638,IO-bound
70,21.21,3.92,76.63,0.78,367,5,0.0512,IO-bound
71,37.05,55.22,7.27,0.17,1650,4,7.5946,CPU-bound
72,18.74,84.76,9.58,0.29,928,4,8.8467,CPU-bound
73,27.8,12.04,78.13,0.99,162,5,0.1541,IO-bound
74,48.47,99.58,2.96,0.17,1284,3,33.6305,CPU-bound
75,19.21,8.77,89.75,0.85,307,9,0.0977,IO-bound
76,31.01,23.86,83.42,0.73,147,5,0.286,IO-bound
77,18.02,10.93,43.76,0.63,140,7,0.2498,IO-bound
78,34.24,72.17,6.02,0.24,743,4,11.9864,CPU-bound
79,45.96,96.43,7.42,0.17,624,4,12.9942,CPU-bound
80,40.53,42.71,2.34,0.11,1980,1,18.2443,CPU-bound
81,28.45,84.97,7.11,0.25,595,1,11.9491,CPU-bound
82,40.65,56.4,2.73,0.26,1999,4,20.6518,CPU-bound
83,18.89,75.11,11.44,0.23,861,1,6.565,CPU-bound
84,33.59,97.24,9.88,0.07,1427,2,9.8411,CPU-bound
85,41.57,2.51,59.89,0.74,157,9,0.0419,IO-bound
86,6.7,14.9,82.6,0.7,60,8,0.1804,IO-bound
87,30.86,78.36,12.47,0.27,1970,3,6.2834,CPU-bound
88,17.41,11.02,56.25,0.95,229,8,0.1959,IO-bound
89,39.82,8.85,61.42,0.85,210,9,0.1441,IO-bound
90,24.63,55.49,7.97,0.29,993,3,6.9615,CPU-bound
91,29.24,9.86,62.24,0.73,190,8,0.1584,IO-bound
92,23.7,6.18,50.74,0.95,283,5,0.1218,IO-bound
93,17.38,7.15,79.31,0.67,61,7,0.0902,IO-bound
94,25.17,67.65,4.68,0.11,1535,1,14.452,CPU-bound
95,7.85,68.87,10.94,0.15,1065,1,6.2947,CPU-bound
96,10.47,20.54,74.9,0.59,179,7,0.2742,IO-bound
97,3.12,19.48,61.88,0.86,101,5,0.3148,IO-bound
98,5.36,93.71,8.65,0.16,1171,3,10.8323,CPU-bound
99,28.2,46.29,11.59,0.05,1761,1,3.9936,CPU-bound
100,33.96,4.75,83.43,0.8,326,7,0.0569,IO-bound
101,29.33,75.05,11.58,0.17,1346,2,6.4804,CPU-bound
102,17.8,61.78,10.4,0.17,1979,3,5.9398,CPU-bound
103,24.39,40.45,4.93,0.11,1776,1,8.2032,CPU-bound
104,26.23,5.99,83.81,0.54,193,9,0.0715,IO-bound
105,0.27,93.8,9.49,0.28,1962,2,9.883,CPU-bound
106,28.58,17.38,85.76,0.78,147,8,0.2027,IO-bound
107,36.81,24.26,72.66,0.6,235,8,0.3339,IO-bound
108,24.06,8.64,64.87,0.58,236,5,0.1332,IO-bound
109,10.09,12.45,62.92,0.77,289,5,0.1979,IO-bound
110,23.58,80.89,11.88,0.18,1117,2,6.8083,CPU-bound
111,46.65,91.04,11.7,0.12,1986,1,7.7805,CPU-bound
112,42.09,43.99,11.63,0.17,709,4,3.7821,CPU-bound
113,11.78,20.39,79.51,0.59,271,9,0.2564,IO-bound
114,21.96,92.63,7.1,0.24,1065,2,13.0446,CPU-bound
115,17.77,14.41,56.32,0.79,187,7,0.2559,IO-bound
116,46.99,94.39,10.12,0.04,1441,2,9.3262,CPU-bound
117,37.07,5.83,82.72,0.75,250,9,0.0705,IO-bound
118,1.68,58.7,5.23,0.22,1354,4,11.2216,CPU-bound
119,18.94,85.28,3.34,0.16,1185,3,25.5253,CPU-bound
120,36.11,87.84,3.95,0.07,1580,3,22.2323,CPU-bound
121,41.34,73.93,11.31,0.18,1938,2,6.5361,CPU-bound
122,7.67,11.22,57.72,0.97,255,7,0.1944,IO-bound
123,5.11,55.36,11.44,0.18,1878,4,4.8387,CPU-bound
124,30.34,82.43,3.98,0.17,1136,3,20.7059,CPU-bound
125,11.8,21.33,84.64,0.56,107,5,0.252,IO-bound
126,29.56,95.25,13.31,0.16,1098,1,7.1557,CPU-bound
127,5.71,52.33,12.24,0.18,1121,4,4.275,CPU-bound
128,22.61,9.97,50.82,0.87,128,7,0.1962,IO-bound
129,1.69,54.89,9.51,0.05,967,4,5.7712,CPU-bound
130,8.9,77.94,2.17,0.2,1941,1,35.9005,CPU-bound
131,14.98,21.79,62.1,0.59,158,6,0.3509,IO-bound
132,9.53,52.59,13.67,0.06,554,2,3.8468,CPU-bound
133,26.38,15.51,47.64,0.86,237,7,0.3256,IO-bound
134,43.09,14.87,39.31,0.59,381,6,0.3783,IO-bound
135,48.95,22.64,61.59,0.9,343,9,0.3676,IO-bound
136,33.59,2.62,43.32,0.62,56,5,0.0605,IO-bound
137,36.04,74.17,13.54,0.17,1707,4,5.4774,CPU-bound
138,33.4,21.68,79.81,0.7,121,6,0.2716,IO-bound
139,42.41,4.0,67.99,0.87,92,9,0.0588,IO-bound
140,17.09,65.29,13.6,0.25,889,2,4.8004,CPU-bound
141,38.69,42.05,12.8,0.1,1044,4,3.2849,CPU-bound
142,43.42,96.91,11.93,0.04,1231,4,8.1225,CPU-bound
143,37.08,6.19,59.09,0.76,294,7,0.1048,IO-bound
144,26.28,48.36,12.85,0.3,757,2,3.7631,CPU-bound
145,24.9,89.36,8.89,0.24,600,2,10.0506,CPU-bound
146,6.84,21.08,42.39,0.51,365,9,0.4973,IO-bound
147,28.66,7.77,67.99,0.75,343,7,0.1143,IO-bound
148,36.9,13.94,32.82,0.58,78,8,0.4247,IO-bound
149,45.78,3.57,80.22,0.72,302,8,0.0445,IO-bound
150,36.63,12.95,69.82,0.97,125,5,0.1855,IO-bound
151,47.76,5.73,80.49,0.92,104,8,0.0712,IO-bound
152,24.77,4.45,34.51,0.86,290,7,0.1289,IO-bound
153,48.38,44.56,3.01,0.0,507,1,14.7991,CPU-bound
154,47.51,45.49,13.93,0.04,1169,1,3.2654,CPU-bound
155,37.95,24.04,75.5,0.82,303,8,0.3184,IO-bound
156,49.38,7.74,59.37,0.61,380,5,0.1304,IO-bound
157,23.66,15.53,89.96,0.78,159,5,0.1726,IO-bound
158,47.21,57.84,14.02,0.29,1211,4,4.1252,CPU-bound
159,32.51,67.31,8.79,0.19,1047,3,7.6567,CPU-bound
160,36.24,44.62,11.05,0.1,598,2,4.0376,CPU-bound
161,26.01,72.3,10.6,0.22,1140,4,6.8201,CPU-bound
162,43.74,2.56,82.21,0.51,235,9,0.0311,IO-bound
163,4.43,44.2,2.12,0.02,556,2,20.8392,CPU-bound
164,20.89,22.09,89.05,0.88,197,8,0.2481,IO-bound
165,42.64,2.08,58.04,0.65,300,7,0.0358,IO-bound
166,19.22,2.41,89.26,0.71,287,6,0.027,IO-bound
167,49.12,20.35,45.54,0.79,359,8,0.4469,IO-bound
168,11.58,16.11,40.02,1.0,379,8,0.4025,IO-bound
169,19.2,89.84,3.56,0.01,555,4,25.2289,CPU-bound
170,44.19,10.05,33.47,0.98,374,9,0.3003,IO-bound
171,49.82,55.61,8.7,0.15,1846,2,6.3912,CPU-bound
172,29.0,53.43,8.98,0.18,637,4,5.9492,CPU-bound
173,42.61,56.38,8.2,0.01,553,2,6.8748,CPU-bound
174,18.63,73.05,3.13,0.12,889,3,23.3312,CPU-bound
175,44.72,14.25,87.73,0.55,397,5,0.1624,IO-bound
176,17.39,68.84,9.7,0.25,1517,3,7.0962,CPU-bound
177,12.26,84.03,8.78,0.26,736,1,9.5695,CPU-bound
178,30.93,90.22,11.07,0.2,1629,1,8.1492,CPU-bound
179,0.26,97.68,8.05,0.26,1729,1,12.1327,CPU-bound
180,25.37,49.65,12.63,0.25,509,2,3.9308,CPU-bound
181,18.83,9.51,63.59,0.56,53,9,0.1495,IO-bound
182,48.15,4.46,75.66,0.77,169,8,0.0589,IO-bound
183,38.54,19.34,77.33,0.59,381,5,0.2501,IO-bound
184,31.05,3.55,64.93,0.67,66,9,0.0547,IO-bound
185,29.72,17.55,56.76,0.82,184,5,0.3092,IO-bound
186,34.16,59.42,8.35,0.23,1168,2,7.1153,CPU-bound
187,26.35,96.66,3.33,0.26,1738,2,29.0183,CPU-bound
188,13.66,3.89,70.83,0.83,382,5,0.0549,IO-bound
189,48.23,18.82,84.57,0.93,316,7,0.2225,IO-bound
190,10.66,64.56,13.62,0.07,546,3,4.7397,CPU-bound
191,7.96,14.94,58.29,0.77,121,5,0.2563,IO-bound
192,31.31,19.73,80.69,0.88,95,5,0.2445,IO-bound
193,0.06,24.25,41.13,0.73,259,8,0.5896,IO-bound
194,3.21,11.9,42.03,0.75,253,6,0.2831,IO-bound
195,23.23,11.96,89.06,0.57,288,6,0.1343,IO-bound
196,43.01,76.0,5.79,0.21,1669,1,13.1238,CPU-bound
197,28.55,19.23,38.76,0.55,56,7,0.4961,IO-bound
198,16.32,18.16,63.58,0.5,231,5,0.2856,IO-bound
199,16.1,44.95,12.72,0.11,1966,1,3.5335,CPU-bound
200,5.23,20.41,42.01,0.58,272,8,0.4858,IO-bound
201,14.94,15.68,67.0,0.81,377,9,0.234,IO-bound
202,4.01,20.44,50.37,0.91,363,7,0.4058,IO-bound
203,8.2,20.03,58.85,0.52,203,8,0.3404,IO-bound
204,10.96,7.68,39.57,0.94,391,6,0.1941,IO-bound
205,8.08,22.05,56.02,0.52,57,8,0.3936,IO-bound
206,9.98,99.78,14.67,0.2,1520,1,6.8012,CPU-bound
207,48.04,52.21,12.93,0.05,1123,4,4.0376,CPU-bound
208,2.01,60.76,6.82,0.3,1800,3,8.9078,CPU-bound
209,29.89,2.68,53.73,0.8,327,8,0.0499,IO-bound
210,31.15,75.54,13.86,0.06,1447,3,5.4498,CPU-bound
211,31.63,86.56,7.27,0.18,1059,3,11.9048,CPU-bound
212,43.54,91.26,8.4,0.07,1167,3,10.863,CPU-bound
213,15.61,79.76,3.24,0.2,1098,4,24.6097,CPU-bound
214,48.49,59.51,12.06,0.04,1180,1,4.9341,CPU-bound
215,33.47,66.52,6.3,0.13,718,2,10.5571,CPU-bound
216,8.38,16.19,72.41,0.58,62,8,0.2236,IO-bound
217,22.32,72.01,12.16,0.21,1796,3,5.9214,CPU-bound
218,26.56,46.72,5.51,0.02,1904,1,8.4776,CPU-bound
219,5.17,53.48,4.34,0.03,1377,3,12.3197,CPU-bound
220,47.59,24.69,87.91,0.5,273,9,0.2809,IO-bound
221,26.61,55.25,8.78,0.1,688,1,6.292,CPU-bound
222,48.5,18.21,42.11,0.84,82,8,0.4324,IO-bound
223,33.08,7.39,87.8,0.63,392,6,0.0842,IO-bound
224,28.53,13.44,67.07,0.93,60,9,0.2004,IO-bound
225,41.34,23.13,66.04,0.97,283,7,0.3502,IO-bound
226,48.86,17.13,89.96,0.52,192,9,0.1904,IO-bound
227,32.53,45.43,5.75,0.03,1647,4,7.8995,CPU-bound
228,21.78,88.47,11.91,0.24,1726,1,7.4276,CPU-bound
229,30.49,16.93,49.7,0.82,247,6,0.3406,IO-bound
230,11.36,66.92,5.09,0.11,609,3,13.1448,CPU-bound
231,27.12,16.78,75.56,0.75,383,9,0.2221,IO-bound
232,19.94,2.59,50.47,0.69,253,7,0.0513,IO-bound
233,35.77,63.66,9.14,0.22,1281,4,6.9642,CPU-bound
234,12.17,40.45,10.42,0.27,1890,1,3.8816,CPU-bound
235,30.87,68.75,4.53,0.05,1284,3,15.1733,CPU-bound
236,30.52,88.18,9.01,0.09,1574,2,9.7858,CPU-bound
237,42.97,20.93,61.35,0.56,329,5,0.3412,IO-bound
238,48.15,46.41,9.38,0.08,1225,4,4.9472,CPU-bound
239,0.13,62.41,8.84,0.03,1456,3,7.0592,CPU-bound
240,20.55,7.25,42.72,0.81,343,9,0.1697,IO-bound
241,36.6,14.8,45.34,0.65,347,8,0.3264,IO-bound
242,29.33,45.73,10.11,0.14,752,3,4.5228,CPU-bound
243,15.61,12.88,62.12,0.59,130,6,0.2073,IO-bound
244,24.84,53.92,7.08,0.18,1981,1,7.6147,CPU-bound
245,36.23,80.55,7.76,0.13,523,2,10.3788,CPU-bound
246,13.71,4.39,73.46,0.79,77,5,0.0598,IO-bound
247,17.18,75.75,7.22,0.11,1425,2,10.4902,CPU-bound
248,27.0,3.56,78.02,0.62,358,8,0.0456,IO-bound
249,2.62,7.31,57.41,0.6,182,6,0.1273,IO-bound
250,28.11,83.84,8.05,0.02,1936,1,10.4136,CPU-bound
251,21.13,85.29,4.22,0.12,1732,1,20.2061,CPU-bound
252,11.73,17.29,77.73,0.96,189,5,0.2224,IO-bound
253,33.58,84.23,11.99,0.07,639,2,7.0244,CPU-bound
254,39.1,19.37,37.66,0.91,298,5,0.5143,IO-bound
255,17.32,53.64,6.44,0.11,858,3,8.3279,CPU-bound
256,25.78,63.82,7.81,0.18,1879,2,8.1705,CPU-bound
257,19.86,15.03,53.46,0.75,238,8,0.2811,IO-bound
258,39.5,22.19,82.08,0.9,156,5,0.2703,IO-bound
259,47.87,41.37,4.0,0.07,1359,4,10.3399,CPU-bound
260,24.35,5.05,81.72,0.96,262,8,0.0618,IO-bound
261,33.32,59.05,14.39,0.25,682,2,4.1033,CPU-bound
262,48.29,5.11,87.79,0.77,201,6,0.0582,IO-bound
263,0.02,22.15,46.67,0.93,56,8,0.4746,IO-bound
264,22.99,49.12,2.8,0.23,587,4,17.5366,CPU-bound
265,8.53,77.17,5.87,0.13,611,4,13.1443,CPU-bound
266,25.47,4.32,71.53,0.53,398,9,0.0604,IO-bound
267,42.4,53.25,4.26,0.2,1586,4,12.4971,CPU-bound
268,20.71,66.99,4.53,0.11,1741,3,14.7848,CPU-bound
269,20.93,24.17,44.91,0.57,326,7,0.5382,IO-bound
270,0.61,48.23,8.96,0.06,861,4,5.3822,CPU-bound
271,13.29,3.49,32.56,0.69,276,7,0.1072,IO-bound
272,16.23,4.26,59.29,0.58,308,7,0.0718,IO-bound
273,47.81,76.84,13.17,0.12,699,1,5.834,CPU-bound
274,12.73,9.25,71.29,0.72,344,5,0.1297,IO-bound
275,19.32,19.97,79.51,0.75,207,6,0.2512,IO-bound
276,36.87,44.0,8.74,0.05,1268,3,5.0337,CPU-bound
277,40.11,42.28,11.7,0.2,658,1,3.6134,CPU-bound
278,17.49,18.96,51.2,0.65,321,8,0.3703,IO-bound
279,41.53,10.16,54.73,0.77,74,7,0.1856,IO-bound
280,38.46,44.93,14.58,0.09,1436,2,3.0814,CPU-bound
281,3.46,2.24,45.32,0.63,385,7,0.0494,IO-bound
282,49.0,98.11,12.38,0.09,1402,3,7.9242,CPU-bound
283,2.19,71.25,10.01,0.05,666,3,7.1172,CPU-bound
284,30.65,62.33,7.62,0.13,1914,1,8.1787,CPU-bound
285,49.62,80.56,8.45,0.0,1507,2,9.5326,CPU-bound
286,37.75,90.79,13.95,0.08,1190,4,6.5078,CPU-bound
287,16.0,14.83,40.84,0.53,313,6,0.3631,IO-bound
288,36.3,2.99,39.89,0.57,336,6,0.075,IO-bound
289,37.91,49.04,6.45,0.12,1615,3,7.6019,CPU-bound
290,31.81,15.0,71.33,0.94,316,5,0.2103,IO-bound
291,44.07,14.83,78.71,0.87,147,5,0.1884,IO-bound
292,36.65,20.4,42.24,0.78,265,5,0.4829,IO-bound
293,42.4,62.52,9.0,0.16,1759,4,6.9459,CPU-bound
294,16.35,6.66,87.48,0.68,102,6,0.0761,IO-bound
295,32.17,13.55,37.48,0.69,323,6,0.3615,IO-bound
296,0.16,11.01,54.76,0.85,266,6,0.2011,IO-bound
297,25.51,63.26,7.23,0.26,1585,1,8.7484,CPU-bound
298,33.82,14.91,63.64,0.8,331,6,0.2343,IO-bound
299,34.77,9.41,68.19,0.57,311,9,0.138,IO-bound
300,7.37,87.32,8.72,0.13,992,2,10.0126,CPU-bound
301,38.33,10.54,33.75,0.9,306,6,0.3123,IO-bound
302,5.92,65.27,10.27,0.24,1114,4,6.3548,CPU-bound
303,28.28,84.4,14.35,0.06,1969,1,5.8811,CPU-bound
304,25.9,41.45,12.81,0.08,948,4,3.2355,CPU-bound
305,23.09,21.61,43.53,0.69,218,7,0.4964,IO-bound
306,36.4,13.11,38.01,0.54,223,7,0.3449,IO-bound
307,6.57,40.42,2.74,0.07,1098,4,14.7464,CPU-bound
308,14.11,97.4,2.9,0.02,892,1,33.5746,CPU-bound
309,21.44,20.1,88.49,0.69,345,6,0.2271,IO-bound
310,45.32,69.25,2.44,0.02,708,3,28.3695,CPU-bound
311,36.62,86.31,3.12,0.07,1322,1,27.6546,CPU-bound
312,13.01,23.55,33.14,0.71,305,9,0.7106,IO-bound
313,16.91,5.33,73.51,0.6,158,9,0.0725,IO-bound
314,11.27,10.04,36.85,0.58,137,9,0.2724,IO-bound
315,20.2,72.71,14.75,0.07,1313,4,4.9292,CPU-bound
316,24.23,72.61,3.06,0.14,748,4,23.721,CPU-bound
317,23.01,6.97,35.85,0.93,312,6,0.1944,IO-bound
318,2.6,70.75,12.48,0.14,1679,1,5.6686,CPU-bound
319,37.71,92.33,9.08,0.23,526,1,10.1674,CPU-bound
320,22.56,92.77,13.32,0.07,1977,4,6.9642,CPU-bound
321,14.12,73.15,3.22,0.1,1086,4,22.7103,CPU-bound
322,38.78,79.41,12.69,0.11,1946,1,6.2572,CPU-bound
323,13.82,4.16,51.4,0.88,159,8,0.0809,IO-bound
324,34.79,94.91,8.93,0.05,1689,2,10.627,CPU-bound
325,25.35,61.79,13.66,0.05,1397,1,4.5231,CPU-bound
326,22.02,22.56,69.26,0.58,265,5,0.3257,IO-bound
327,49.42,4.71,74.38,0.66,219,5,0.0633,IO-bound
328,21.37,16.6,39.96,0.94,106,5,0.4154,IO-bound
329,10.49,45.58,2.38,0.25,1068,4,19.1432,CPU-bound
330,35.51,21.74,79.14,0.77,160,7,0.2747,IO-bound
331,40.96,79.1,6.08,0.08,1819,3,13.0077,CPU-bound
332,11.99,18.38,79.56,0.55,99,6,0.231,IO-bound
333,28.86,51.48,9.98,0.13,1607,4,5.1578,CPU-bound
334,33.81,24.52,68.05,0.56,163,8,0.3603,IO-bound
335,49.59,17.68,40.03,0.83,75,5,0.4417,IO-bound
336,10.63,81.65,8.66,0.09,549,2,9.4273,CPU-bound
337,40.37,19.46,84.22,0.62,70,9,0.2311,IO-bound
338,5.55,94.43,10.72,0.17,1170,2,8.8079,CPU-bound
339,40.12,10.78,37.73,0.71,217,5,0.2857,IO-bound
340,42.92,19.02,85.08,0.64,152,9,0.2236,IO-bound
341,31.07,18.08,80.37,0.99,245,8,0.225,IO-bound
342,35.18,56.89,13.35,0.03,1311,1,4.2611,CPU-bound
343,41.23,3.06,64.03,0.64,75,6,0.0478,IO-bound
344,42.61,19.09,32.89,0.95,283,7,0.5804,IO-bound
345,41.91,99.34,10.14,0.16,927,2,9.7959,CPU-bound
346,3.18,99.73,13.12,0.16,1747,3,7.6008,CPU-bound
347,43.43,84.25,8.83,0.01,597,4,9.5403,CPU-bound
348,21.73,13.9,55.83,0.66,320,8,0.249,IO-bound
349,22.26,5.79,40.23,0.97,326,8,0.1439,IO-bound
350,24.38,70.74,3.35,0.12,1478,4,21.1101,CPU-bound
351,20.35,12.88,89.03,0.63,362,5,0.1447,IO-bound
352,13.84,68.35,2.59,0.04,1957,2,26.3798,CPU-bound
353,23.71,77.35,8.11,0.13,1386,3,9.5364,CPU-bound
354,5.4,40.46,4.85,0.01,1008,4,8.3405,CPU-bound
355,13.89,53.11,7.16,0.01,1725,2,7.4166,CPU-bound
356,43.71,46.83,6.49,0.15,1240,3,7.2146,CPU-bound
357,19.49,67.04,14.08,0.05,1594,4,4.761,CPU-bound
358,41.19,82.84,9.9,0.09,1932,4,8.3668,CPU-bound
359,41.48,21.85,30.13,0.86,64,9,0.7252,IO-bound
360,18.45,4.63,53.03,0.73,92,7,0.0873,IO-bound
361,37.49,22.71,54.25,0.66,194,8,0.4186,IO-bound
362,31.8,10.32,65.62,0.51,369,8,0.1573,IO-bound
363,26.5,5.95,68.27,0.87,340,9,0.0872,IO-bound
364,24.3,2.27,55.32,0.65,252,5,0.041,IO-bound
365,40.84,88.48,4.81,0.14,601,2,18.3912,CPU-bound
366,15.32,65.8,10.75,0.08,1683,2,6.1204,CPU-bound
367,37.97,10.84,57.01,0.79,84,9,0.1901,IO-bound
368,34.42,10.54,66.06,0.85,181,5,0.1595,IO-bound
369,47.33,78.74,2.58,0.23,1009,3,30.5076,CPU-bound
370,20.48,16.65,50.44,0.54,158,8,0.3301,IO-bound
371,27.98,71.87,12.94,0.17,657,1,5.5537,CPU-bound
372,48.2,13.17,31.65,0.75,184,5,0.4161,IO-bound
373,15.66,23.29,54.85,0.7,101,7,0.4246,IO-bound
374,15.7,22.7,36.97,0.98,360,8,0.614,IO-bound
375,7.58,14.54,35.29,0.8,60,9,0.412,IO-bound
376,27.09,14.45,39.25,0.78,316,9,0.3681,IO-bound
377,8.86,61.37,12.75,0.21,1261,3,4.813,CPU-bound
378,29.02,97.99,9.25,0.1,708,2,10.5924,CPU-bound
379,36.73,89.01,4.7,0.23,950,2,18.9343,CPU-bound
380,1.97,16.28,42.08,0.7,216,7,0.3869,IO-bound
381,17.67,47.94,9.71,0.18,1187,1,4.9367,CPU-bound
382,13.79,20.18,37.49,0.9,356,9,0.5383,IO-bound
383,37.73,96.95,8.67,0.03,1237,2,11.1809,CPU-bound
384,19.33,8.57,42.19,0.88,228,7,0.2031,IO-bound
385,22.17,18.69,83.67,0.73,260,7,0.2234,IO-bound
386,42.7,97.36,4.61,0.03,1158,4,21.1147,CPU-bound
387,1.54,7.53,48.71,0.63,390,6,0.1546,IO-bound
388,36.14,41.15,8.2,0.21,1538,1,5.0177,CPU-bound
389,36.65,16.82,79.19,0.67,235,8,0.2124,IO-bound
390,14.73,99.87,10.8,0.25,521,3,9.2464,CPU-bound
391,46.85,77.97,2.9,0.0,1732,4,26.8769,CPU-bound
392,24.38,90.76,9.98,0.03,616,2,9.0933,CPU-bound
393,31.6,2.56,48.37,0.77,251,8,0.0529,IO-bound
394,3.84,97.31,8.79,0.09,1250,4,11.0693,CPU-bound
395,33.34,13.0,38.71,0.86,123,9,0.3358,IO-bound
396,45.31,88.21,14.08,0.12,982,2,6.2645,CPU-bound
397,10.73,72.94,4.85,0.01,1124,4,15.0361,CPU-bound
398,29.29,93.32,8.54,0.13,1437,1,10.9261,CPU-bound
399,15.16,14.1,57.79,0.62,151,7,0.244,IO-bound
400,24.83,5.29,76.52,0.64,149,5,0.0691,IO-bound
401,5.14,18.6,46.29,0.7,116,8,0.4018,IO-bound
402,41.97,8.35,72.42,0.53,51,6,0.1153,IO-bound
403,6.5,44.96,14.1,0.25,1347,4,3.1884,CPU-bound
404,45.5,20.15,83.51,0.72,182,9,0.2413,IO-bound
405,46.51,46.96,2.55,0.17,1766,3,18.4085,CPU-bound
406,48.3,50.02,11.27,0.2,1641,4,4.4379,CPU-bound
407,31.72,96.64,5.5,0.14,1999,1,17.5677,CPU-bound
408,22.88,24.01,60.02,0.72,123,6,0.4,IO-bound
409,27.6,2.07,81.54,0.59,195,8,0.0254,IO-bound
410,10.79,79.44,8.14,0.26,1516,3,9.758,CPU-bound
411,36.85,11.08,85.85,0.56,391,5,0.1291,IO-bound
412,14.37,18.4,41.95,0.95,178,5,0.4386,IO-bound
413,34.4,19.99,62.63,0.55,134,9,0.3192,IO-bound
414,24.64,2.44,37.46,0.71,191,7,0.0651,IO-bound
415,2.08,8.13,73.49,0.94,189,8,0.1106,IO-bound
416,48.8,86.44,12.05,0.16,688,1,7.1728,CPU-bound
417,21.78,62.95,6.78,0.05,998,2,9.2833,CPU-bound
418,0.07,71.08,6.53,0.11,949,3,10.8835,CPU-bound
419,41.49,92.76,10.78,0.16,1409,2,8.604,CPU-bound
420,11.41,63.88,5.94,0.02,869,2,10.7524,CPU-bound
421,49.51,43.58,10.73,0.17,858,3,4.0611,CPU-bound
422,18.28,14.52,87.77,0.54,128,5,0.1654,IO-bound
423,13.81,22.61,80.83,0.66,393,7,0.2797,IO-bound
424,17.26,10.93,70.45,0.63,371,6,0.1551,IO-bound
425,34.5,14.39,33.64,0.84,375,7,0.4278,IO-bound
426,26.48,66.86,3.75,0.29,862,3,17.8246,CPU-bound
427,38.04,97.74,10.07,0.28,1320,1,9.7051,CPU-bound
428,10.46,42.63,4.15,0.13,574,4,10.2698,CPU-bound
429,32.96,24.88,61.63,0.7,88,8,0.4037,IO-bound
430,28.48,24.88,72.7,0.99,140,7,0.3422,IO-bound
431,0.71,50.57,4.78,0.0,1744,3,10.5773,CPU-bound
432,48.87,96.62,14.48,0.16,1635,1,6.6722,CPU-bound
433,22.91,19.78,48.6,0.62,323,9,0.407,IO-bound
434,0.45,19.75,59.93,0.51,174,9,0.3295,IO-bound
435,8.89,20.51,32.76,0.9,230,9,0.626,IO-bound
436,33.12,11.86,31.75,0.74,91,6,0.3735,IO-bound
437,25.64,24.77,87.29,0.75,218,8,0.2838,IO-bound
438,28.86,19.35,85.11,0.98,174,8,0.2274,IO-bound
439,42.36,10.89,64.43,0.71,365,9,0.169,IO-bound
440,1.95,4.34,60.36,0.61,62,5,0.0719,IO-bound
441,35.96,17.63,43.49,0.72,247,7,0.4054,IO-bound
442,44.7,19.45,46.95,0.68,381,9,0.4143,IO-bound
443,27.23,85.79,12.7,0.27,806,2,6.7546,CPU-bound
444,3.56,9.63,81.3,0.6,74,9,0.1184,IO-bound
445,2.38,67.6,3.24,0.25,1590,4,20.8578,CPU-bound
446,26.95,17.06,39.1,0.94,148,7,0.4363,IO-bound
447,29.52,63.51,9.11,0.16,591,2,6.9707,CPU-bound
448,15.2,98.38,4.94,0.09,845,1,19.9109,CPU-bound
449,32.03,51.47,6.03,0.22,1123,4,8.5342,CPU-bound
450,40.84,8.97,49.52,0.86,113,6,0.1811,IO-bound
451,38.12,99.97,7.27,0.07,1313,1,13.7491,CPU-bound
452,8.37,3.8,62.67,0.85,323,7,0.0606,IO-bound
453,47.46,77.71,8.26,0.11,1448,1,9.4069,CPU-bound
454,18.46,46.15,8.68,0.15,1899,4,5.3162,CPU-bound
455,6.1,6.14,35.89,0.9,93,9,0.1711,IO-bound
456,17.27,56.44,12.49,0.06,1003,4,4.5185,CPU-bound
457,21.77,47.13,11.94,0.2,1323,2,3.9469,CPU-bound
458,19.22,5.75,77.17,0.87,58,9,0.0745,IO-bound
459,4.88,20.34,66.95,0.92,245,7,0.3038,IO-bound
460,25.24,14.57,88.02,0.53,301,9,0.1655,IO-bound
461,11.34,97.69,11.29,0.29,1819,4,8.652,CPU-bound
462,33.64,58.59,5.77,0.26,1695,2,10.1525,CPU-bound
463,31.4,23.51,81.04,0.99,136,5,0.2901,IO-bound
464,17.65,72.93,5.74,0.09,1431,2,12.7034,CPU-bound
465,17.79,92.68,9.87,0.07,625,2,9.3891,CPU-bound
466,47.22,9.65,33.4,0.69,274,8,0.2889,IO-bound
467,30.06,46.97,12.15,0.24,1985,2,3.8655,CPU-bound
468,25.94,65.92,14.74,0.02,769,4,4.4719,CPU-bound
469,29.11,98.74,9.22,0.06,806,3,10.7082,CPU-bound
470,13.43,55.86,4.67,0.14,931,3,11.9589,CPU-bound
471,46.28,5.31,65.72,0.59,73,7,0.0808,IO-bound
472,13.37,15.78,67.42,0.82,55,9,0.2341,IO-bound
473,29.18,73.82,7.86,0.2,1288,1,9.3907,CPU-bound
474,7.74,21.92,86.8,0.55,380,8,0.2525,IO-bound
475,18.68,2.15,76.34,0.81,67,8,0.0282,IO-bound
476,47.88,74.98,5.29,0.14,1098,4,14.1712,CPU-bound
477,24.9,19.01,42.88,0.83,309,6,0.4433,IO-bound
478,12.94,19.21,84.87,0.72,202,8,0.2263,IO-bound
479,33.53,24.91,43.75,0.77,295,6,0.5694,IO-bound
480,0.69,51.96,13.41,0.22,872,1,3.8744,CPU-bound
481,21.24,44.63,13.85,0.11,823,3,3.2222,CPU-bound
482,40.25,3.87,87.09,0.92,338,9,0.0444,IO-bound
483,12.67,87.21,7.17,0.15,1981,2,12.1615,CPU-bound
484,26.92,10.54,85.25,0.79,144,6,0.1236,IO-bound
485,20.57,21.78,32.1,0.89,355,8,0.6785,IO-bound
486,46.81,11.83,56.55,0.82,72,9,0.2092,IO-bound
487,29.51,20.06,65.93,0.6,192,7,0.3043,IO-bound
488,20.48,23.32,36.32,0.88,279,6,0.6421,IO-bound
489,47.13,4.57,60.99,0.89,311,8,0.0749,IO-bound
490,15.49,81.11,3.44,0.09,874,3,23.5716,CPU-bound
491,43.63,55.29,11.65,0.02,1742,1,4.7455,CPU-bound
492,25.28,97.17,6.25,0.11,1911,4,15.5447,CPU-bound
493,17.44,94.21,3.01,0.25,1282,4,31.2886,CPU-bound
494,21.96,90.27,13.16,0.22,1415,1,6.8589,CPU-bound
495,24.47,64.67,11.39,0.12,1144,3,5.6773,CPU-bound
496,8.07,83.12,11.52,0.15,625,1,7.2147,CPU-bound
497,31.73,83.94,13.46,0.04,1373,1,6.2358,CPU-bound
498,19.55,15.98,44.72,0.53,131,6,0.3573,IO-bound
499,37.69,15.15,89.17,0.71,355,8,0.1699,IO-bound
500,20.6,18.15,40.3,0.75,354,8,0.4504,IO-bound
501,46.66,23.74,71.8,0.75,203,9,0.3306,IO-bound
502,10.22,52.38,7.09,0.27,1261,2,7.3868,CPU-bound
503,20.41,76.68,13.15,0.2,1828,1,5.8307,CPU-bound
504,26.78,7.83,30.6,0.86,342,9,0.2559,IO-bound
505,26.58,6.68,37.64,0.64,228,9,0.1775,IO-bound
506,19.39,92.95,8.06,0.02,1705,4,11.5308,CPU-bound
507,9.09,6.78,32.52,0.74,310,9,0.2085,IO-bound
508,40.19,16.91,34.45,0.69,201,9,0.4908,IO-bound
509,36.46,42.57,7.8,0.02,1412,3,5.457,CPU-bound
510,35.44,12.68,73.36,0.83,52,6,0.1728,IO-bound
511,4.77,21.37,52.39,0.82,86,5,0.4079,IO-bound
512,37.59,19.63,65.02,0.89,331,7,0.3019,IO-bound
513,19.33,40.88,4.69,0.21,1493,2,8.7146,CPU-bound
514,29.86,19.25,84.49,0.88,278,9,0.2278,IO-bound
515,20.75,72.5,11.86,0.09,1569,2,6.1125,CPU-bound
516,21.24,9.22,44.49,0.61,367,7,0.2072,IO-bound
517,22.19,73.48,9.6,0.04,1176,4,7.6534,CPU-bound
518,46.95,56.32,11.0,0.08,1454,2,5.1195,CPU-bound
519,32.74,89.56,8.02,0.08,1735,1,11.1657,CPU-bound
520,9.39,88.9,12.11,0.23,632,3,7.3404,CPU-bound
521,13.2,5.46,43.03,0.73,195,9,0.1269,IO-bound
522,16.15,73.44,2.51,0.2,1846,4,29.2473,CPU-bound
523,4.72,18.93,56.19,0.83,311,9,0.3369,IO-bound
524,16.33,44.04,3.23,0.3,1622,4,13.6305,CPU-bound
525,15.2,2.13,57.95,0.79,161,9,0.0368,IO-bound
526,15.64,61.63,12.19,0.17,1481,1,5.0554,CPU-bound
527,15.45,2.39,85.0,0.85,96,7,0.0281,IO-bound
528,29.35,14.96,67.48,0.93,253,9,0.2217,IO-bound
529,28.94,83.98,10.79,0.04,1354,4,7.7824,CPU-bound
530,10.58,95.75,6.44,0.16,1993,4,14.8657,CPU-bound
531,25.2,21.8,57.67,0.97,382,9,0.378,IO-bound
532,8.37,80.65,6.85,0.28,1250,3,11.772,CPU-bound
533,37.39,98.45,2.91,0.17,1715,2,33.82,CPU-bound
534,41.87,18.22,57.31,0.83,109,5,0.3179,IO-bound
535,22.74,2.57,40.29,0.73,289,9,0.0638,IO-bound
536,28.63,13.24,54.11,0.58,146,9,0.2447,IO-bound
537,35.13,19.03,35.69,0.8,73,6,0.5332,IO-bound
538,32.95,76.41,13.45,0.26,816,4,5.6806,CPU-bound
539,44.23,81.01,6.88,0.24,687,1,11.773,CPU-bound
540,23.25,93.84,10.09,0.29,1771,1,9.2994,CPU-bound
541,33.47,9.99,56.12,0.7,362,6,0.178,IO-bound
542,11.47,10.87,34.26,0.61,214,6,0.3173,IO-bound
543,49.27,3.72,56.31,0.76,108,5,0.0661,IO-bound
544,14.97,8.4,77.9,0.66,131,5,0.1078,IO-bound
545,48.77,61.94,6.6,0.09,755,4,9.3834,CPU-bound
546,4.14,9.88,81.88,0.58,219,6,0.1207,IO-bound
547,39.03,16.2,39.36,0.74,156,6,0.4116,IO-bound
548,22.98,8.29,59.27,0.54,157,9,0.1399,IO-bound
549,17.35,8.48,51.83,0.6,241,9,0.1636,IO-bound
550,42.01,91.73,6.08,0.16,1984,4,15.0847,CPU-bound
551,32.8,2.36,61.37,0.74,245,8,0.0385,IO-bound
552,16.41,10.31,81.59,0.7,208,8,0.1264,IO-bound
553,25.51,22.78,83.39,0.91,307,7,0.2732,IO-bound
554,18.61,16.83,43.79,0.78,281,5,0.3843,IO-bound
555,24.54,21.66,39.92,0.93,192,9,0.5426,IO-bound
556,7.15,23.32,88.2,0.79,181,8,0.2644,IO-bound
557,28.66,93.64,6.39,0.22,1006,4,14.6519,CPU-bound
558,12.48,53.23,4.84,0.26,894,1,10.9957,CPU-bound
559,11.6,76.02,2.7,0.11,898,3,28.1451,CPU-bound
560,2.0,45.63,8.32,0.28,937,1,5.4837,CPU-bound
561,38.63,20.07,65.4,0.5,295,8,0.3069,IO-bound
562,38.47,11.89,65.81,1.0,189,9,0.1807,IO-bound
563,32.33,80.46,11.92,0.01,840,3,6.7494,CPU-bound
564,1.75,13.73,60.08,0.53,242,7,0.2285,IO-bound
565,10.78,24.92,77.76,0.88,167,7,0.3205,IO-bound
566,8.67,46.7,9.91,0.08,1069,4,4.7119,CPU-bound
567,10.54,3.28,64.11,0.83,244,9,0.0512,IO-bound
568,0.96,23.37,53.24,0.53,339,7,0.4389,IO-bound
569,16.61,56.97,7.44,0.09,940,1,7.6562,CPU-bound
570,15.88,55.93,9.95,0.2,1772,4,5.6205,CPU-bound
571,16.99,70.38,6.56,0.27,1183,3,10.727,CPU-bound
572,15.59,82.37,10.09,0.3,1009,1,8.1627,CPU-bound
573,27.05,90.97,3.16,0.3,1977,4,28.7789,CPU-bound
574,8.14,23.36,33.71,0.55,258,5,0.6929,IO-bound
575,0.25,12.32,84.79,0.59,71,9,0.1453,IO-bound
576,40.87,19.34,64.67,0.95,314,5,0.2991,IO-bound
577,35.86,67.74,13.24,0.07,1784,2,5.1159,CPU-bound
578,13.58,22.91,48.83,0.85,116,5,0.4692,IO-bound
579,8.67,15.89,81.79,0.91,220,5,0.1943,IO-bound
580,21.69,69.57,5.9,0.18,746,1,11.7895,CPU-bound
581,0.76,61.31,2.59,0.07,1372,1,23.6627,CPU-bound
582,19.98,74.0,10.54,0.27,990,1,7.0202,CPU-bound
583,3.78,55.24,12.14,0.03,1042,1,4.5499,CPU-bound
584,36.94,6.94,34.03,0.8,61,8,0.2039,IO-bound
585,37.41,7.13,82.39,0.89,246,6,0.0865,IO-bound
586,21.56,24.62,45.58,0.98,171,5,0.5401,IO-bound
587,49.47,2.63,61.42,0.61,251,5,0.0428,IO-bound
588,23.87,10.26,79.41,0.91,172,6,0.1292,IO-bound
589,41.73,43.11,9.25,0.05,1037,4,4.66,CPU-bound
590,41.18,53.27,6.95,0.24,1076,2,7.6636,CPU-bound
591,3.83,52.25,2.22,0.2,1131,3,23.5254,CPU-bound
592,32.82,68.54,7.3,0.05,1956,3,9.3878,CPU-bound
593,25.62,21.43,43.44,0.62,320,5,0.4933,IO-bound
594,20.16,44.61,6.61,0.17,1750,4,6.7478,CPU-bound
595,22.21,66.29,13.69,0.29,1625,3,4.8419,CPU-bound
596,9.09,17.14,34.21,0.7,104,9,0.501,IO-bound
597,35.51,5.59,43.21,0.76,83,6,0.1294,IO-bound
598,44.31,83.89,14.46,0.07,1901,4,5.8011,CPU-bound
599,15.74,9.28,47.14,0.55,65,8,0.1969,IO-bound
600,41.65,83.89,12.72,0.04,1310,4,6.5946,CPU-bound
601,21.69,4.48,76.09,0.75,137,7,0.0589,IO-bound
602,1.96,58.51,9.45,0.1,907,1,6.1909,CPU-bound
603,10.54,81.8,6.22,0.07,1785,4,13.149,CPU-bound
604,13.3,96.81,7.2,0.23,1985,1,13.444,CPU-bound
605,15.22,6.4,57.58,0.72,119,5,0.1111,IO-bound
606,20.86,53.36,5.99,0.16,740,1,8.9067,CPU-bound
607,34.52,12.17,77.83,0.86,169,9,0.1564,IO-bound
608,11.69,79.7,9.83,0.05,535,4,8.107,CPU-bound
609,13.89,58.28,5.44,0.08,553,4,10.7113,CPU-bound
610,1.43,42.36,9.46,0.12,1374,1,4.4773,CPU-bound
611,18.21,9.22,44.87,0.85,248,5,0.2055,IO-bound
612,45.21,8.33,72.57,0.64,181,7,0.1148,IO-bound
613,11.09,4.14,54.63,0.58,161,6,0.0758,IO-bound
614,16.87,23.4,35.72,0.73,354,5,0.6551,IO-bound
615,37.95,9.64,69.77,0.94,304,7,0.1382,IO-bound
616,40.27,71.8,4.1,0.17,1640,1,17.5079,CPU-bound
617,6.28,18.88,50.79,0.7,109,9,0.3717,IO-bound
618,32.08,11.01,71.83,0.6,140,9,0.1533,IO-bound
619,32.41,9.17,37.33,0.56,356,8,0.2456,IO-bound
620,7.82,17.48,79.46,0.7,308,6,0.22,IO-bound
621,22.23,2.8,89.39,0.52,226,5,0.0313,IO-bound
622,43.31,20.26,69.57,0.79,151,7,0.2912,IO-bound
623,33.27,11.99,56.79,0.81,225,8,0.2111,IO-bound
624,27.81,96.07,10.96,0.25,1669,1,8.7647,CPU-bound
625,9.75,7.83,58.26,0.75,278,8,0.1344,IO-bound
626,6.3,55.18,13.25,0.03,1968,3,4.1642,CPU-bound
627,47.2,48.1,3.97,0.27,1648,1,12.1128,CPU-bound
628,11.31,11.87,46.56,0.88,292,6,0.2549,IO-bound
629,32.52,79.67,10.48,0.08,818,1,7.6014,CPU-bound
630,23.93,3.03,74.05,0.67,375,6,0.0409,IO-bound
631,42.1,2.64,67.36,0.9,218,8,0.0392,IO-bound
632,33.19,72.89,4.27,0.09,1947,1,17.0663,CPU-bound
633,18.14,15.62,39.95,0.51,241,9,0.391,IO-bound
634,7.16,9.84,85.04,0.7,300,6,0.1157,IO-bound
635,15.39,20.05,89.66,0.8,343,8,0.2236,IO-bound
636,10.89,8.8,30.07,0.64,281,8,0.2926,IO-bound
637,45.14,12.17,32.55,0.84,343,5,0.3739,IO-bound
638,45.92,5.1,35.67,0.92,277,5,0.143,IO-bound
639,44.56,16.83,47.3,0.65,54,6,0.3558,IO-bound
640,42.56,7.85,30.77,0.77,385,7,0.2551,IO-bound
641,33.31,73.19,12.56,0.12,1983,1,5.8268,CPU-bound
642,8.84,4.18,48.9,0.55,395,7,0.0855,IO-bound
643,23.19,45.26,2.86,0.27,980,2,15.8196,CPU-bound
644,15.76,64.16,10.74,0.2,699,3,5.9734,CPU-bound
645,12.84,80.0,3.55,0.17,1706,2,22.5289,CPU-bound
646,1.28,83.81,10.05,0.06,926,2,8.3385,CPU-bound
647,27.55,87.79,5.02,0.07,1285,2,17.4846,CPU-bound
648,2.85,75.13,9.04,0.03,658,3,8.3099,CPU-bound
649,46.63,44.0,2.63,0.09,1284,2,16.7237,CPU-bound
650,44.9,7.8,48.47,0.81,333,7,0.1609,IO-bound
651,49.83,22.55,34.48,0.95,295,8,0.654,IO-bound
652,15.79,10.25,84.68,0.51,69,8,0.121,IO-bound
653,46.53,8.97,87.99,0.81,286,6,0.1019,IO-bound
654,29.23,23.5,45.05,0.56,389,6,0.5216,IO-bound
655,3.06,12.73,34.6,0.58,224,5,0.3679,IO-bound
656,44.16,10.16,54.04,0.56,195,6,0.188,IO-bound
657,22.77,76.99,7.95,0.12,1122,3,9.6831,CPU-bound
658,30.09,97.27,3.97,0.14,1372,2,24.4951,CPU-bound
659,1.9,8.84,39.75,0.84,266,8,0.2224,IO-bound
660,28.85,14.7,65.71,0.94,170,9,0.2237,IO-bound
661,7.42,14.19,70.7,0.8,110,9,0.2007,IO-bound
662,4.03,49.09,7.63,0.18,1909,4,6.433,CPU-bound
663,39.57,70.15,4.61,0.09,1873,2,15.2136,CPU-bound
664,43.76,8.37,86.45,0.56,389,5,0.0968,IO-bound
665,21.13,15.88,78.1,0.73,398,5,0.2033,IO-bound
666,1.1,13.07,78.58,0.98,393,5,0.1663,IO-bound
667,30.52,53.6,9.37,0.11,536,1,5.7198,CPU-bound
668,10.82,15.79,84.14,0.69,204,5,0.1877,IO-bound
669,25.18,12.15,41.96,0.63,73,6,0.2896,IO-bound
670,20.71,77.89,12.2,0.18,1936,3,6.3839,CPU-bound
671,1.05,11.55,30.86,0.74,336,9,0.3743,IO-bound
672,33.33,85.82,8.8,0.07,620,2,9.7512,CPU-bound
673,29.9,48.58,11.65,0.07,1077,4,4.1696,CPU-bound
674,7.27,69.0,6.98,0.25,1258,1,9.884,CPU-bound
675,10.09,73.2,8.77,0.3,887,1,8.3457,CPU-bound
676,27.06,45.88,2.57,0.06,1468,1,17.8452,CPU-bound
677,46.85,75.35,7.91,0.14,1976,4,9.5247,CPU-bound
678,49.48,13.93,44.75,0.68,289,9,0.3113,IO-bound
679,33.62,23.35,35.47,0.64,109,5,0.6583,IO-bound
680,1.2,11.45,59.38,0.71,167,5,0.1928,IO-bound
681,48.16,2.95,88.07,0.77,90,7,0.0335,IO-bound
682,33.88,45.82,4.33,0.24,1320,2,10.5795,CPU-bound
683,32.37,86.9,7.68,0.19,1765,2,11.3136,CPU-bound
684,19.97,22.11,79.84,0.61,193,9,0.2769,IO-bound
685,13.63,41.0,4.53,0.24,1597,2,9.0488,CPU-bound
686,34.6,20.5,81.99,0.53,98,7,0.25,IO-bound
687,2.96,17.54,67.12,0.78,271,8,0.2613,IO-bound
688,43.98,47.98,4.06,0.28,1860,4,11.8148,CPU-bound
689,35.04,61.26,5.94,0.22,1383,4,10.3114,CPU-bound
690,27.67,15.24,39.69,0.74,249,6,0.384,IO-bound
691,2.17,89.65,5.31,0.14,1549,2,16.8801,CPU-bound
692,30.51,74.04,12.35,0.22,1232,1,5.9947,CPU-bound
693,9.14,94.72,2.79,0.21,978,2,33.9377,CPU-bound
694,29.24,57.14,11.55,0.01,1912,1,4.9468,CPU-bound
695,18.08,43.65,2.4,0.21,688,2,18.1799,CPU-bound
696,28.86,51.78,2.29,0.26,1835,3,22.6015,CPU-bound
697,12.79,88.5,9.95,0.09,991,1,8.8936,CPU-bound
698,27.76,6.57,44.81,0.65,255,7,0.1466,IO-bound
699,38.63,21.13,40.64,0.86,300,7,0.5199,IO-bound
700,32.47,11.21,78.71,0.51,284,8,0.1424,IO-bound
701,35.35,8.12,49.97,0.78,281,9,0.1625,IO-bound
702,36.01,80.74,14.11,0.3,930,4,5.7218,CPU-bound
703,0.05,9.35,33.43,0.57,366,5,0.2797,IO-bound
704,37.9,13.5,70.49,0.62,316,6,0.1915,IO-bound
705,4.19,23.43,67.22,0.9,185,6,0.3486,IO-bound
706,19.68,85.95,10.99,0.29,696,3,7.82,CPU-bound
707,18.35,65.69,10.22,0.22,720,1,6.427,CPU-bound
708,13.46,19.14,43.93,0.7,119,8,0.4357,IO-bound
709,38.26,20.98,77.7,0.66,100,8,0.27,IO-bound
710,24.31,10.66,50.35,0.53,88,6,0.2117,IO-bound
711,46.31,15.8,59.14,0.77,354,8,0.2672,IO-bound
712,34.13,5.37,71.42,0.97,166,7,0.0752,IO-bound
713,3.18,7.32,44.61,0.65,111,5,0.1641,IO-bound
714,37.59,97.14,6.27,0.2,1717,4,15.4904,CPU-bound
715,29.89,20.01,78.19,0.99,78,8,0.2559,IO-bound
716,35.87,92.38,4.2,0.02,1213,4,21.99,CPU-bound
717,31.8,6.47,79.23,0.84,190,7,0.0817,IO-bound
718,41.48,76.26,7.99,0.25,1564,1,9.5432,CPU-bound
719,7.1,12.78,72.34,0.96,156,5,0.1767,IO-bound
720,48.07,11.38,83.18,0.52,287,8,0.1368,IO-bound
721,6.61,17.99,67.78,0.93,392,7,0.2654,IO-bound
722,18.46,2.25,62.66,0.99,175,6,0.0359,IO-bound
723,6.09,5.85,57.76,0.52,195,5,0.1013,IO-bound
724,29.77,55.0,2.95,0.2,1122,2,18.6377,CPU-bound
725,33.68,89.06,13.64,0.26,706,2,6.5288,CPU-bound
726,29.8,85.13,8.67,0.1,1993,2,9.8178,CPU-bound
727,23.94,2.04,52.58,0.79,351,5,0.0388,IO-bound
728,8.39,94.9,12.97,0.22,680,1,7.3163,CPU-bound
729,15.39,18.62,43.91,0.85,134,5,0.424,IO-bound
730,1.78,77.28,11.34,0.03,1991,1,6.8142,CPU-bound
731,4.06,85.02,5.57,0.19,1178,3,15.2612,CPU-bound
732,43.3,80.54,8.62,0.26,514,4,9.3423,CPU-bound
733,28.12,2.87,78.48,0.66,147,8,0.0366,IO-bound
734,35.32,24.82,81.45,0.55,170,5,0.3047,IO-bound
735,45.21,23.94,37.31,0.51,74,9,0.6416,IO-bound
736,9.36,7.55,44.01,0.53,244,6,0.1715,IO-bound
737,40.39,61.8,7.7,0.29,1606,3,8.0249,CPU-bound
738,14.9,97.2,2.78,0.09,980,1,34.9515,CPU-bound
739,16.31,23.06,73.08,0.64,57,8,0.3155,IO-bound
740,47.77,89.28,9.08,0.02,870,4,9.8315,CPU-bound
741,5.78,12.12,58.97,0.61,342,7,0.2055,IO-bound
742,14.21,89.18,13.55,0.06,933,2,6.5811,CPU-bound
743,35.05,19.35,56.73,0.8,117,7,0.3411,IO-bound
744,7.79,20.32,74.37,0.82,241,5,0.2732,IO-bound
745,10.49,7.07,41.16,0.98,141,9,0.1718,IO-bound
746,47.39,42.59,4.33,0.12,711,4,9.8338,CPU-bound
747,23.91,70.49,10.06,0.14,1651,3,7.0063,CPU-bound
748,44.37,48.76,14.19,0.28,1438,4,3.436,CPU-bound
749,46.32,89.22,9.3,0.2,1428,4,9.5925,CPU-bound
750,9.83,20.73,52.93,0.57,133,6,0.3916,IO-bound
751,37.97,23.46,65.19,0.76,299,5,0.3599,IO-bound
752,44.18,88.06,4.34,0.03,1014,3,20.2856,CPU-bound
753,36.26,3.66,64.55,0.93,176,5,0.0567,IO-bound
754,4.49,44.83,3.91,0.09,1866,1,11.4625,CPU-bound
755,5.57,54.73,12.56,0.1,1355,3,4.3571,CPU-bound
756,27.7,19.06,62.8,0.94,237,5,0.3035,IO-bound
757,44.51,8.93,65.96,0.6,90,5,0.1354,IO-bound
758,2.48,84.28,9.77,0.26,885,2,8.6255,CPU-bound
759,34.57,92.36,3.13,0.15,892,3,29.4986,CPU-bound
760,28.45,13.25,51.1,0.95,316,9,0.2593,IO-bound
761,49.29,83.51,12.35,0.25,1686,3,6.7614,CPU-bound
762,19.75,19.06,78.31,0.92,67,7,0.2434,IO-bound
763,30.96,10.91,65.01,0.73,218,8,0.1678,IO-bound
764,37.43,14.55,42.24,0.65,218,6,0.3445,IO-bound
765,40.28,14.22,53.75,0.81,154,9,0.2646,IO-bound
766,6.17,82.44,5.28,0.13,808,1,15.6107,CPU-bound
767,19.38,2.51,51.48,0.67,98,8,0.0488,IO-bound
768,38.49,18.75,66.02,0.87,391,7,0.284,IO-bound
769,8.92,23.54,60.94,0.75,87,9,0.3863,IO-bound
770,42.73,15.74,53.62,0.74,169,9,0.2935,IO-bound
771,13.71,45.06,6.63,0.2,1741,3,6.7954,CPU-bound
772,10.59,72.12,10.26,0.06,562,2,7.0286,CPU-bound
773,15.31,82.26,14.07,0.22,897,3,5.8461,CPU-bound
774,36.3,14.13,45.53,0.53,92,6,0.3103,IO-bound
775,35.37,68.94,2.75,0.05,1567,4,25.06,CPU-bound
776,29.59,18.74,85.36,0.88,117,8,0.2195,IO-bound
777,13.98,41.49,5.23,0.12,704,3,7.9316,CPU-bound
778,21.81,88.31,4.42,0.03,1487,2,19.9751,CPU-bound
779,44.67,88.31,3.78,0.02,1081,2,23.3563,CPU-bound
780,16.82,18.95,32.2,0.74,372,5,0.5885,IO-bound
781,33.64,77.41,2.82,0.1,1005,1,27.4406,CPU-bound
782,3.74,54.2,8.29,0.13,659,4,6.5372,CPU-bound
783,18.9,4.63,45.32,0.91,393,7,0.1022,IO-bound
784,5.9,42.19,2.69,0.25,567,2,15.6782,CPU-bound
785,30.84,55.05,3.31,0.12,1791,2,16.6264,CPU-bound
786,18.34,9.65,48.93,0.55,84,8,0.1972,IO-bound
787,14.23,92.11,9.34,0.15,1275,4,9.8608,CPU-bound
788,14.1,12.48,58.92,0.88,161,9,0.2118,IO-bound
789,8.23,46.8,4.23,0.16,595,2,11.0612,CPU-bound
790,4.98,91.12,9.27,0.15,524,4,9.8285,CPU-bound
791,19.7,91.64,11.03,0.0,1776,2,8.3075,CPU-bound
792,43.99,74.9,11.96,0.12,1473,4,6.262,CPU-bound
793,23.82,56.29,6.11,0.25,1504,2,9.2113,CPU-bound
794,23.71,58.06,4.39,0.23,838,3,13.2225,CPU-bound
795,22.14,99.73,7.85,0.08,1770,1,12.7028,CPU-bound
796,28.27,52.21,12.0,0.13,531,1,4.3505,CPU-bound
797,25.27,10.79,48.11,0.52,191,8,0.2243,IO-bound
798,37.57,21.08,38.02,0.97,379,8,0.5544,IO-bound
799,10.76,4.28,55.72,0.81,269,9,0.0768,IO-bound
800,3.19,52.29,12.37,0.22,1080,2,4.2268,CPU-bound
801,16.94,23.95,85.11,0.52,191,6,0.2814,IO-bound
802,47.38,66.07,13.3,0.05,828,2,4.9673,CPU-bound
803,12.13,75.58,8.36,0.04,937,4,9.0396,CPU-bound
804,17.74,8.9,58.46,0.58,189,5,0.1522,IO-bound
805,16.95,74.63,10.76,0.0,1693,1,6.9352,CPU-bound
806,34.59,64.64,8.56,0.0,1492,1,7.5505,CPU-bound
807,42.84,85.02,6.04,0.15,1200,2,14.0738,CPU-bound
808,23.76,87.87,13.24,0.14,1079,4,6.6362,CPU-bound
809,21.34,17.85,81.82,1.0,88,5,0.2182,IO-bound
810,27.88,22.19,42.24,0.91,69,9,0.5253,IO-bound
811,32.54,64.1,8.54,0.25,1422,1,7.505,CPU-bound
812,11.37,8.85,76.8,0.74,108,6,0.1152,IO-bound
813,16.46,20.87,30.43,0.73,68,7,0.6858,IO-bound
814,4.83,18.32,89.02,0.53,302,6,0.2058,IO-bound
815,0.97,85.95,3.03,0.01,783,2,28.357,CPU-bound
816,0.53,11.85,31.63,0.89,316,9,0.3746,IO-bound
817,25.48,87.52,14.83,0.08,1863,4,5.9012,CPU-bound
818,25.45,76.9,14.05,0.29,1179,2,5.4729,CPU-bound
819,47.61,8.04,58.33,0.66,338,8,0.1378,IO-bound
820,7.73,43.3,9.52,0.02,1159,3,4.5478,CPU-bound
821,23.61,44.46,3.5,0.26,1569,2,12.6992,CPU-bound
822,40.53,74.25,13.82,0.0,1922,1,5.3723,CPU-bound
823,1.2,76.61,14.25,0.24,1301,3,5.3758,CPU-bound
824,26.91,83.99,14.94,0.09,1299,2,5.6214,CPU-bound
825,42.25,43.34,3.68,0.02,588,2,11.774,CPU-bound
826,30.57,17.98,60.91,1.0,179,8,0.2952,IO-bound
827,11.98,40.82,13.64,0.01,548,2,2.9924,CPU-bound
828,11.91,74.59,6.45,0.24,836,3,11.5625,CPU-bound
829,25.64,48.61,4.41,0.05,1767,1,11.0202,CPU-bound
830,43.4,21.86,38.37,0.78,254,8,0.5697,IO-bound
831,29.06,63.33,3.71,0.08,1577,1,17.0655,CPU-bound
832,44.78,97.49,5.22,0.1,1949,2,18.6727,CPU-bound
833,5.98,5.69,40.38,0.63,130,5,0.1409,IO-bound
834,24.55,63.18,6.6,0.09,981,1,9.5713,CPU-bound
835,26.12,19.57,60.84,0.89,274,8,0.3217,IO-bound
836,4.43,80.88,11.31,0.18,1515,1,7.1506,CPU-bound
837,34.36,24.69,46.7,0.7,335,7,0.5287,IO-bound
838,3.63,7.0,38.03,0.98,119,6,0.1841,IO-bound
839,35.77,55.24,13.41,0.03,906,4,4.119,CPU-bound
840,19.55,18.19,43.05,0.68,391,9,0.4225,IO-bound
841,17.93,66.66,5.94,0.21,901,2,11.2203,CPU-bound
842,34.36,91.5,12.98,0.11,969,1,7.0488,CPU-bound
843,8.8,99.58,12.11,0.07,1799,2,8.2223,CPU-bound
844,36.35,88.7,5.82,0.13,1539,4,15.2379,CPU-bound
845,22.9,46.26,9.4,0.16,1095,2,4.9208,CPU-bound
846,28.97,8.32,58.47,0.67,361,7,0.1423,IO-bound
847,22.46,18.43,56.68,0.51,153,9,0.3252,IO-bound
848,23.2,70.25,6.2,0.08,699,4,11.3288,CPU-bound
849,15.09,49.81,5.95,0.19,1849,3,8.37,CPU-bound
850,32.32,78.63,12.85,0.17,1187,3,6.1186,CPU-bound
851,24.96,89.42,3.11,0.26,944,2,28.7432,CPU-bound
852,5.22,81.5,12.34,0.05,718,4,6.604,CPU-bound
853,21.78,17.34,46.03,0.96,95,8,0.3767,IO-bound
854,12.87,44.52,3.46,0.01,703,2,12.8633,CPU-bound
855,22.7,10.89,79.27,0.98,227,7,0.1374,IO-bound
856,49.88,8.33,68.35,0.67,142,6,0.1219,IO-bound
857,11.15,17.05,89.89,0.54,192,6,0.1897,IO-bound
858,32.37,3.5,79.31,0.82,94,8,0.0441,IO-bound
859,10.63,86.07,11.77,0.18,645,1,7.312,CPU-bound
860,23.45,67.56,2.72,0.13,1892,3,24.8291,CPU-bound
861,45.69,11.15,85.89,0.67,393,8,0.1298,IO-bound
862,13.41,17.7,69.73,0.86,160,5,0.2538,IO-bound
863,35.79,46.15,2.15,0.04,1959,4,21.4551,CPU-bound
864,12.23,44.62,10.72,0.25,1131,4,4.1619,CPU-bound
865,16.7,61.12,7.8,0.2,881,3,7.8349,CPU-bound
866,21.9,85.6,2.63,0.25,1013,3,32.5352,CPU-bound
867,43.48,81.03,11.79,0.22,784,2,6.8722,CPU-bound
868,2.45,75.27,12.92,0.01,1359,4,5.8254,CPU-bound
869,48.33,72.48,5.69,0.3,1161,2,12.7359,CPU-bound
870,10.29,15.36,74.5,0.84,173,5,0.2062,IO-bound
871,3.87,9.03,75.55,0.81,229,6,0.1195,IO-bound
872,39.07,88.77,9.52,0.19,1554,4,9.3236,CPU-bound
873,15.0,17.48,59.83,0.98,56,7,0.2922,IO-bound
874,35.61,42.01,9.54,0.05,763,1,4.4031,CPU-bound
875,46.06,3.11,59.01,0.51,391,6,0.0527,IO-bound
876,7.84,5.37,68.76,0.62,289,7,0.0781,IO-bound
877,8.27,69.6,13.85,0.28,503,4,5.0249,CPU-bound
878,45.76,61.27,9.34,0.08,898,4,6.5593,CPU-bound
879,11.15,96.84,4.67,0.18,1318,3,20.7322,CPU-bound
880,15.19,17.57,48.1,0.59,82,5,0.3653,IO-bound
881,21.17,70.89,8.67,0.03,1178,3,8.1755,CPU-bound
882,41.07,45.86,4.17,0.28,1031,3,10.995,CPU-bound
883,0.88,7.28,43.1,0.53,85,5,0.1689,IO-bound
884,49.58,93.46,9.4,0.25,745,3,9.9415,CPU-bound
885,6.59,12.74,71.14,0.61,360,6,0.1791,IO-bound
886,31.53,86.84,13.83,0.11,1145,2,6.2786,CPU-bound
887,47.02,74.41,3.28,0.13,1929,1,22.6791,CPU-bound
888,45.61,55.17,2.87,0.08,1449,3,19.2163,CPU-bound
889,14.98,58.94,12.29,0.2,1186,1,4.7954,CPU-bound
890,29.8,54.1,10.48,0.12,661,1,5.1617,CPU-bound
891,40.27,22.99,40.64,0.5,76,7,0.5657,IO-bound
892,39.76,97.93,13.91,0.15,703,4,7.0398,CPU-bound
893,10.66,43.71,11.55,0.16,1672,1,3.7841,CPU-bound
894,31.48,45.3,6.45,0.29,1124,1,7.0222,CPU-bound
895,7.18,5.17,33.26,0.51,280,8,0.1554,IO-bound
896,22.29,95.73,8.46,0.25,1562,3,11.3143,CPU-bound
897,6.39,61.65,11.79,0.15,1373,2,5.2286,CPU-bound
898,39.82,68.47,12.61,0.13,1393,4,5.4294,CPU-bound
899,7.72,82.9,5.23,0.27,1440,1,15.8478,CPU-bound
900,36.8,22.09,44.19,0.61,162,7,0.4999,IO-bound
901,33.22,97.55,4.5,0.22,1015,1,21.673,CPU-bound
902,22.77,40.52,2.26,0.18,1277,1,17.9213,CPU-bound
903,13.46,84.79,3.89,0.26,1973,2,21.7913,CPU-bound
904,41.5,6.85,44.2,0.81,195,6,0.155,IO-bound
905,35.06,41.75,9.04,0.02,583,4,4.6179,CPU-bound
906,28.29,99.74,8.24,0.15,1875,4,12.1029,CPU-bound
907,30.94,2.02,65.65,0.86,78,6,0.0308,IO-bound
908,26.65,23.04,50.12,0.98,271,7,0.4597,IO-bound
909,22.94,67.39,3.94,0.28,772,2,17.0997,CPU-bound
910,35.52,49.87,7.28,0.28,1128,3,6.8493,CPU-bound
911,31.56,41.69,13.12,0.11,1572,2,3.1773,CPU-bound
912,35.88,50.49,10.42,0.07,1665,3,4.845,CPU-bound
913,1.23,64.76,3.31,0.15,1110,1,19.559,CPU-bound
914,11.95,18.85,71.08,0.61,148,7,0.2652,IO-bound
915,35.12,23.28,51.97,0.55,154,6,0.4479,IO-bound
916,7.98,17.65,79.53,0.57,326,8,0.2219,IO-bound
917,31.19,47.3,10.23,0.27,701,1,4.6232,CPU-bound
918,24.19,96.83,7.28,0.23,1846,4,13.299,CPU-bound
919,10.86,9.85,42.94,0.91,239,9,0.2294,IO-bound
920,7.5,57.35,14.38,0.01,1306,3,3.9879,CPU-bound
921,25.13,11.19,88.97,0.77,140,8,0.1258,IO-bound
922,0.66,95.94,10.66,0.25,1313,2,8.9992,CPU-bound
923,38.28,89.09,10.68,0.04,815,2,8.341,CPU-bound
924,30.66,78.9,4.24,0.26,735,4,18.6041,CPU-bound
925,1.57,19.54,65.1,0.63,91,8,0.3001,IO-bound
926,6.62,13.54,57.3,0.88,241,7,0.2363,IO-bound
927,48.15,8.0,47.81,0.5,371,8,0.1673,IO-bound
928,5.06,22.12,37.73,0.86,268,6,0.5863,IO-bound
929,16.0,18.03,35.8,0.64,317,9,0.5036,IO-bound
930,21.38,21.93,65.61,0.56,106,8,0.3342,IO-bound
931,9.58,91.19,9.56,0.02,1211,2,9.5377,CPU-bound
932,24.65,14.32,53.65,0.92,215,7,0.2669,IO-bound
933,46.73,3.27,63.25,0.79,304,9,0.0517,IO-bound
934,5.34,20.26,59.19,0.67,133,9,0.3423,IO-bound
935,10.52,86.71,4.22,0.13,1534,4,20.5425,CPU-bound
936,48.28,14.69,51.39,0.72,182,6,0.2858,IO-bound
937,3.83,69.85,5.59,0.22,1496,1,12.4933,CPU-bound
938,10.25,19.84,50.32,0.78,309,5,0.3943,IO-bound
939,41.05,20.82,71.0,0.59,200,5,0.2932,IO-bound
940,4.1,47.6,4.32,0.15,793,4,11.016,CPU-bound
941,6.36,18.9,49.29,0.52,370,7,0.3834,IO-bound
942,2.6,99.35,5.45,0.2,670,1,18.226,CPU-bound
943,36.38,90.23,13.25,0.18,672,3,6.8093,CPU-bound
944,3.87,62.56,11.83,0.16,527,1,5.2878,CPU-bound
945,26.64,18.09,36.72,0.92,214,9,0.4926,IO-bound
946,25.61,22.15,76.99,0.58,220,8,0.2877,IO-bound
947,36.24,50.49,10.74,0.05,1258,3,4.7007,CPU-bound
948,41.8,84.6,11.4,0.04,732,2,7.4204,CPU-bound
949,22.5,18.79,83.32,0.53,121,7,0.2255,IO-bound
950,2.73,48.53,2.69,0.19,1754,3,18.0342,CPU-bound
951,16.58,2.23,82.94,0.79,303,7,0.0269,IO-bound
952,40.13,4.68,88.21,0.51,325,6,0.0531,IO-bound
953,9.95,7.91,35.55,0.55,399,5,0.2225,IO-bound
954,10.47,5.58,44.61,0.92,75,8,0.1251,IO-bound
955,38.36,93.64,8.78,0.08,1889,2,10.6639,CPU-bound
956,6.17,11.25,33.07,0.75,190,6,0.3402,IO-bound
957,28.29,46.29,5.48,0.16,522,4,8.4455,CPU-bound
958,5.29,82.43,4.47,0.11,1442,1,18.4366,CPU-bound
959,24.66,3.62,51.3,0.75,51,7,0.0706,IO-bound
960,32.54,62.72,12.96,0.19,1800,4,4.8391,CPU-bound
961,25.01,52.93,4.87,0.22,1122,1,10.8664,CPU-bound
962,23.19,87.85,11.36,0.03,760,2,7.7326,CPU-bound
963,45.88,4.66,53.32,0.52,285,9,0.0874,IO-bound
964,48.74,4.77,81.09,0.58,344,7,0.0588,IO-bound
965,47.04,21.86,50.46,0.95,284,8,0.4332,IO-bound
966,12.78,72.96,9.68,0.2,1046,4,7.5364,CPU-bound
967,3.12,14.45,78.23,0.75,184,7,0.1847,IO-bound
968,22.61,21.96,55.93,0.98,99,6,0.3926,IO-bound
969,14.69,83.07,14.9,0.21,1508,3,5.5748,CPU-bound
970,24.26,9.16,76.98,0.72,322,6,0.119,IO-bound
971,30.05,13.59,30.81,0.68,347,9,0.4411,IO-bound
972,46.67,17.43,46.17,0.64,303,7,0.3775,IO-bound
973,18.0,45.06,10.91,0.21,615,2,4.1298,CPU-bound
974,23.33,6.45,87.04,0.7,68,5,0.0741,IO-bound
975,4.72,63.18,5.47,0.13,688,2,11.5482,CPU-bound
976,32.26,12.6,47.18,0.62,277,9,0.2671,IO-bound
977,34.89,20.98,82.09,0.71,143,9,0.2556,IO-bound
978,46.04,71.09,2.49,0.17,1952,3,28.5387,CPU-bound
979,42.42,95.18,6.05,0.06,1859,3,15.7296,CPU-bound
980,8.21,67.33,9.57,0.11,1255,4,7.0348,CPU-bound
981,33.87,16.16,41.56,0.8,234,8,0.3888,IO-bound
982,30.03,89.66,14.58,0.27,1295,1,6.1491,CPU-bound
983,49.59,93.52,11.53,0.15,899,4,8.1103,CPU-bound
984,34.67,4.03,54.82,0.88,396,6,0.0735,IO-bound
985,22.02,21.53,56.62,0.96,242,8,0.3802,IO-bound
986,16.45,22.09,33.59,0.94,160,7,0.6576,IO-bound
987,9.48,84.89,4.71,0.06,688,2,18.0195,CPU-bound
988,25.26,10.87,84.92,0.88,395,7,0.128,IO-bound
989,36.51,60.18,9.63,0.03,1080,4,6.2486,CPU-bound
990,44.08,15.59,73.29,0.97,230,8,0.2127,IO-bound
991,43.71,79.95,6.92,0.29,1561,3,11.5518,CPU-bound
992,26.96,18.63,31.95,0.8,389,7,0.5831,IO-bound
993,4.73,57.29,9.85,0.01,549,2,5.8157,CPU-bound
994,2.05,6.4,66.93,0.7,171,6,0.0956,IO-bound
995,35.12,22.31,86.89,0.74,348,6,0.2568,IO-bound
996,41.19,23.48,75.98,0.83,276,9,0.309,IO-bound
997,27.0,16.95,75.23,0.81,312,8,0.2253,IO-bound
998,9.74,68.95,10.09,0.0,1236,4,6.8328,CPU-bound
999,3.29,21.24,39.82,0.64,297,6,0.5334,IO-bound
1000,1.29,97.96,3.7,0.11,832,4,26.4685,CPU-bound
